moNo,crime,moBin
217,AGG DWI:1 PRIOR CONV-10 YRS|E,4
217,AGG DWI:2 PRIOR CONV-10 YRS|D,3
217,AGG DWI:W/CHILD|E,1
217,AGG UNLIC OPER MV 1ST|E,3
217,AGGRAVATED CRIM CONTEMPT|D,3
217,AGGRAVATED FAMILY OFFENSE|E,3
217,AGGRAVATED SEXUAL ABUSE 3RD|D,1
217,AGGRAVATED VEHICULAR HOMICIDE|B,3
217,ARSON 2ND|B,2
217,ARSON 3RD|C,3
217,ASSAULT 1ST|B,8
217,ASSAULT 2ND|D,33
217,ATT ARSON 2ND|C,2
217,ATT ASSAULT 1ST|C,12
217,ATT ASSAULT 2ND|E,12
217,ATT BURGLARY 1ST|C,4
217,ATT BURGLARY 2ND SUB 2|D,24
217,ATT BURGLARY 2ND|D,1
217,ATT BURGLARY 3RD|E,10
217,ATT CRIM POSS CONTR SUBSTANCE 1ST|A1,1
217,ATT CRIM POSS CONTR SUBSTANCE 3RD|C,16
217,ATT CRIM POSS CONTR SUBSTANCE 4TH|D,3
217,ATT CRIM POSS CONTR SUBSTANCE 5TH|E,5
217,ATT CRIM POSS FORGED INST 2ND|E,2
217,ATT CRIM POSS STOLEN PROP 3RD|E,1
217,ATT CRIM POSS WEAP 2ND|D,35
217,ATT CRIM POSS WEAP 3RD SUB 1 2 3|E,2
217,ATT CRIM SALE CONTR SUBSTANCE 3RD|C,14
217,ATT CRIM SALE FIREARM 3RD|E,1
217,ATT CRIM SEXUAL ACT 1ST|C,2
217,ATT CRIM SEXUAL ACT 2ND|E,2
217,ATT GRAND LARCENY - NOT AUTO 2ND|D,1
217,ATT GRAND LARCENY - NOT AUTO 3RD|E,1
217,ATT IDENTITY THEFT 1ST|E,1
217,ATT MURDER 2ND|B,11
217,ATT PROM PRISON CONTRABAND 1ST|E,1
217,ATT PROM SEXUAL PERF BY A CHILD|E,1
217,ATT RAPE 1ST|C,3
217,ATT RAPE 2ND|E,2
217,ATT RECKLESS ENDANGERMENT 1ST|E,1
217,ATT ROBBERY 1ST|C,15
217,ATT ROBBERY 2ND SUB 1|D,7
217,ATT ROBBERY 2ND SUB 2 3|D,7
217,ATT ROBBERY 2ND|D,2
217,ATT ROBBERY 3RD|E,6
217,ATT SEXUAL ABUSE 1ST|E,1
217,ATT STRANGULATION 2ND|E,1
217,BAIL JUMPING 2ND|E,2
217,BURGLARY 1ST|B,7
217,BURGLARY 2ND SUB 1|C,2
217,BURGLARY 2ND SUB 2|C,18
217,BURGLARY 3RD|D,39
217,COERCION 1ST|D,1
217,COMMERCIAL BRIBE REC 1ST|E,1
217,CONSPIRACY 2ND|B,7
217,CONSPIRACY 3RD|D,1
217,CONSPIRACY 4TH|E,2
217,COURSE SEX CONDUCT-CHILD 1ST|B,4
217,COURSE SEX CONDUCT-CHILD 2ND|D,3
217,CRIM CONTEMPT 1ST|E,7
217,CRIM MISCHIEF 3RD|E,3
217,CRIM NEGLIGENT HOMICIDE|E,2
217,CRIM POSS CONTR SUBSTANCE 1ST|A1,1
217,CRIM POSS CONTR SUBSTANCE 2ND|A2,24
217,CRIM POSS CONTR SUBSTANCE 3RD|B,74
217,CRIM POSS CONTR SUBSTANCE 4TH|C,10
217,CRIM POSS CONTR SUBSTANCE 5TH|D,17
217,CRIM POSS FIREARM|E,3
217,CRIM POSS FORGED INST 2ND|D,8
217,CRIM POSS FORGERY DEVICES|D,1
217,CRIM POSS MARIHUANA 1ST|C,1
217,CRIM POSS MARIHUANA 3RD|E,3
217,CRIM POSS STOLEN PROP 2ND|C,1
217,CRIM POSS STOLEN PROP 3RD|D,6
217,CRIM POSS STOLEN PROP 4TH|E,7
217,CRIM POSS WEAP 2ND|C,37
217,CRIM POSS WEAP 3RD SUB 1 2 3|D,8
217,CRIM POSS WEAP 3RD SUB 4-8 VFO|D,1
217,CRIM SALE CONTR SUBS - SCHOOL|B,1
217,CRIM SALE CONTR SUBSTANCE 2ND|A2,7
217,CRIM SALE CONTR SUBSTANCE 3RD|B,68
217,CRIM SALE CONTR SUBSTANCE 5TH|D,16
217,CRIM SALE FIREARM 1ST|B,2
217,CRIM SALE FIREARM 2ND|C,1
217,CRIM SEXUAL ACT 1ST|B,4
217,CRIM SEXUAL ACT 2ND|D,2
217,DRIV IMP/DRUGS-2ND OFFENSE|E,1
217,DWI:ALCOHOL/DRUGS-2ND OFFENSE|E,13
217,DWI:ALCOHOL/DRUGS-3RD OFFENSE|D,8
217,ENTERPRISE CORRUPTION|B,8
217,FORGERY 2ND|D,3
217,GANG ASSAULT 1ST|B,1
217,GRAND LARCENY - AUTO 2ND|C,1
217,GRAND LARCENY - AUTO 3RD|D,1
217,GRAND LARCENY - NOT AUTO 1ST|B,2
217,GRAND LARCENY - NOT AUTO 2ND|C,6
217,GRAND LARCENY - NOT AUTO 3RD (HATE CRIME)|C,1
217,GRAND LARCENY - NOT AUTO 3RD|D,9
217,GRAND LARCENY - NOT AUTO 4TH|E,14
217,IDENTITY THEFT 1ST|D,2
217,KIDNAPPING 2ND|B,1
217,LV SCENE OF ACCIDENT - DEATH|D,1
217,MANSLAUGHTER 1ST|B,17
217,MANSLAUGHTER 2ND|C,7
217,MURDER 2ND|A1,10
217,OPERATE MAJOR DRUG TRAFFICKER|A1,1
217,POSS A SEX PERF BY A CHILD|E,1
217,PROM PRISON CONTRABAND 1ST|D,2
217,PROM SEXUAL PERF BY A CHILD|D,3
217,RAPE 1ST|B,3
217,RAPE 2ND|D,10
217,RAPE 3RD|E,2
217,RECKLESS ENDANGERMENT 1ST|D,2
217,ROBBERY 1ST|B,18
217,ROBBERY 2ND SUB 1|C,6
217,ROBBERY 2ND SUB 2 3|C,10
217,ROBBERY 3RD|D,15
217,SCHEME TO DEFRAUD 1ST|E,1
217,SEX OFF REG VIOL-1ST OFFENSE|E,1
217,SEX OFF REG VIOL-2ND OFFENSE|D,4
217,SEXUAL ABUSE 1ST|D,12
217,STRANGULATION 2ND|D,3
217,UNLAW MANUFACTURE METH 3RD|D,5
217,USE OF CHILD IN A SEXUAL PERF|C,1
217,VEHICULAR MANSLAUGHTER 1ST|C,1
217,WELFARE FRAUD 4TH|E,1
218,AGG DWI:1 PRIOR CONV-10 YRS|E,2
218,AGG DWI:2 PRIOR CONV-10 YRS|D,2
218,AGG DWI:W/CHILD|E,4
218,AGG HAR:EMPLOYEE BY INMATE|E,2
218,AGG UNLIC OPER MV 1ST|E,3
218,AGGRAVATED CRIM CONTEMPT|D,2
218,AGGRAVATED FAMILY OFFENSE|E,1
218,AGGRAVATED SEXUAL ABUSE 2ND|C,1
218,AGGRAVATED VEHICULAR ASSAULT|C,1
218,AGGRAVATED VEHICULAR HOMICIDE|B,3
218,ARSON 2ND|B,1
218,ARSON 3RD|C,1
218,ASSAULT 1ST|B,5
218,ASSAULT 2ND|D,41
218,ATT AGGRAVATED CRIM CONTEMPT|E,2
218,ATT ARSON 3RD|D,1
218,ATT ASSAULT 1ST|C,11
218,ATT ASSAULT 2ND|E,12
218,ATT BURGLARY 1ST|C,3
218,ATT BURGLARY 2ND SUB 1|D,1
218,ATT BURGLARY 2ND SUB 2|D,15
218,ATT BURGLARY 2ND|D,2
218,ATT BURGLARY 3RD|E,12
218,ATT COERCION 1ST|E,1
218,ATT CRIM MISCHIEF 2ND|E,1
218,ATT CRIM POSS CONTR SUBSTANCE 3RD|C,13
218,ATT CRIM POSS CONTR SUBSTANCE 4TH|D,8
218,ATT CRIM POSS CONTR SUBSTANCE 5TH|E,2
218,ATT CRIM POSS FORGED INST 1ST|D,2
218,ATT CRIM POSS FORGED INST 2ND|E,2
218,ATT CRIM POSS WEAP 2ND|D,41
218,ATT CRIM POSS WEAP 3RD SUB 1 2 3|E,3
218,ATT CRIM SALE CONTR SUBSTANCE 3RD|C,18
218,ATT CRIM SALE CONTR SUBSTANCE 5TH|E,1
218,ATT CRIM SALE FIREARM 2ND|D,1
218,ATT CRIM SEXUAL ACT 2ND|E,1
218,ATT GANG ASSAULT 2ND|D,1
218,ATT GRAND LARCENY - AUTO 3RD|E,1
218,ATT IDENTITY THEFT 1ST|E,1
218,ATT LURING CHILD TO COMMIT CLASS A|D,1
218,ATT MURDER 2ND|B,19
218,ATT PROM PRISON CONTRABAND 1ST|E,5
218,ATT RAPE 1ST|C,1
218,ATT RAPE 2ND|E,1
218,ATT ROBBERY 1ST|C,7
218,ATT ROBBERY 2ND SUB 1|D,10
218,ATT ROBBERY 2ND SUB 2 3|D,9
218,ATT ROBBERY 2ND|D,1
218,ATT ROBBERY 3RD|E,5
218,ATT SEXUAL ABUSE 1ST|E,1
218,ATT STRANGULATION 2ND|E,1
218,ATT UNLAW MANUFACTURE METH 3RD|E,2
218,BURGLARY 1ST|B,9
218,BURGLARY 2ND SUB 1|C,1
218,BURGLARY 2ND SUB 2|C,18
218,BURGLARY 3RD|D,29
218,CONSPIRACY 2ND|B,2
218,CONSPIRACY 4TH|E,5
218,COURSE SEX CONDUCT-CHILD 1ST|B,6
218,COURSE SEX CONDUCT-CHILD 2ND|D,1
218,CRIM CONTEMPT 1ST|E,8
218,CRIM IMPERSONATION 1ST|E,1
218,CRIM MISCHIEF 2ND|D,1
218,CRIM MISCHIEF 3RD|E,2
218,CRIM POSS CONTR SUBSTANCE 1ST|A1,2
218,CRIM POSS CONTR SUBSTANCE 2ND|A2,18
218,CRIM POSS CONTR SUBSTANCE 3RD|B,68
218,CRIM POSS CONTR SUBSTANCE 4TH|C,10
218,CRIM POSS CONTR SUBSTANCE 5TH|D,14
218,CRIM POSS FIREARM|E,6
218,CRIM POSS FORGED INST 1ST|C,2
218,CRIM POSS FORGED INST 2ND|D,9
218,CRIM POSS MARIHUANA 1ST|C,2
218,CRIM POSS MARIHUANA 3RD|E,1
218,CRIM POSS STOLEN PROP 3RD|D,2
218,CRIM POSS STOLEN PROP 4TH|E,8
218,CRIM POSS WEAP 2ND|C,45
218,CRIM POSS WEAP 3RD SUB 1 2 3|D,15
218,CRIM SALE CONTR SUBS - SCHOOL|B,1
218,CRIM SALE CONTR SUBSTANCE 2ND|A2,11
218,CRIM SALE CONTR SUBSTANCE 3RD|B,68
218,CRIM SALE CONTR SUBSTANCE 4TH|C,1
218,CRIM SALE CONTR SUBSTANCE 5TH|D,9
218,CRIM SALE FIREARM 1ST|B,1
218,CRIM SALE FIREARM 2ND|C,1
218,CRIM SALE FIREARM 3RD|D,2
218,CRIM SALE MARIHUANA 3RD|E,1
218,CRIM SEXUAL ACT 1ST|B,2
218,CRIM SEXUAL ACT 2ND|D,1
218,CRIM SEXUAL ACT 3RD|E,1
218,CRIM USE OF FIREARMS 1ST|B,1
218,CRIM USURY 1ST|C,1
218,CRIMINAL TAX FRAUD 3RD|D,1
218,DISSEM INDECENT MAT MINOR 1ST|D,2
218,DRIV IMP/DRUGS - 3RD OFFENSE|D,1
218,DRIV IMP/DRUGS-2ND OFFENSE|E,1
218,DWI:ALCOHOL/DRUGS-2ND OFFENSE|E,6
218,DWI:ALCOHOL/DRUGS-3RD OFFENSE|D,5
218,ENTERPRISE CORRUPTION|B,4
218,FORGERY 2ND|D,1
218,GANG ASSAULT 1ST|B,1
218,GANG ASSAULT 2ND|C,1
218,GRAND LARCENY - AUTO 3RD|D,1
218,GRAND LARCENY - AUTO 4TH|E,3
218,GRAND LARCENY - NOT AUTO 1ST|B,1
218,GRAND LARCENY - NOT AUTO 2ND|C,2
218,GRAND LARCENY - NOT AUTO 3RD|D,3
218,GRAND LARCENY - NOT AUTO 4TH|E,9
218,IDENTITY THEFT 1ST|D,2
218,JO - MURDER 2ND|A1,1
218,LV SCENE OF ACC W/O REPORTING|E,1
218,LV SCENE OF ACCIDENT - DEATH|D,2
218,MANSLAUGHTER 1ST|B,18
218,MANSLAUGHTER 2ND|C,3
218,MENACING POLICE/PEACE OFFICER|D,1
218,MURDER 1ST|A1,2
218,MURDER 2ND|A1,5
218,OFFER FALSE INST FILING 1ST|E,1
218,POSS A SEX PERF BY A CHILD|E,1
218,PRED SEX ASSAULT AGAINST CHILD|A2,2
218,PROM PRISON CONTRABAND 1ST|D,1
218,PROM SEXUAL PERF BY A CHILD|D,1
218,RAPE 1ST|B,6
218,RAPE 2ND|D,1
218,RAPE 3RD|E,3
218,RECKLESS ASSAULT OF A CHILD|D,1
218,RECKLESS ENDANGERMENT 1ST|D,6
218,ROBBERY 1ST|B,12
218,ROBBERY 2ND SUB 1|C,3
218,ROBBERY 2ND SUB 2 3|C,9
218,ROBBERY 2ND|C,1
218,ROBBERY 3RD|D,17
218,SCHEME TO DEFRAUD 1ST|E,1
218,SEX OFF REG VIOL-2ND OFFENSE|D,2
218,SEX TRAFFICKING|B,1
218,SEXUAL ABUSE 1ST|D,4
218,UNAUTH USE OF MV 2ND|E,1
218,UNLAW MANUFACTURE METH 3RD|D,4
218,UNLAW SURVEILLANCE 2ND(2 3 4)|E,2
218,VEHICULAR ASSAULT 1ST|D,1
218,WELFARE FRAUD 3RD|D,1
219,AGG DWI:1 PRIOR CONV-10 YRS|E,4
219,AGG DWI:2 PRIOR CONV-10 YRS|D,2
219,AGG DWI:W/CHILD|E,2
219,AGG HAR:EMPLOYEE BY INMATE|E,1
219,AGG UNLIC OPER MV 1ST|E,5
219,AGGRAVATED FAMILY OFFENSE|E,1
219,AGGRAVATED SEXUAL ABUSE 1ST|B,1
219,AGGRAVATED VEHICULAR HOMICIDE|B,1
219,ARSON 2ND|B,1
219,ARSON 3RD|C,2
219,ASSAULT 1ST|B,6
219,ASSAULT 2ND|D,42
219,ATT AGGRAVATED ASSAULT/PEACE OFF.|C,2
219,ATT AGGRAVATED CRIM CONTEMPT|E,1
219,ATT AGGRAVATED SEXUAL ABUSE 3RD|E,1
219,ATT ARSON 2ND|C,2
219,ATT ASSAULT 1ST|C,12
219,ATT ASSAULT 2ND|E,14
219,ATT BURGLARY 1ST|C,1
219,ATT BURGLARY 2ND SUB 1|D,1
219,ATT BURGLARY 2ND SUB 2|D,34
219,ATT BURGLARY 2ND|D,1
219,ATT BURGLARY 3RD|E,10
219,ATT CONSPIRACY 2ND|C,1
219,ATT COURSE SEX CONDUCT-CHILD 1ST|C,1
219,ATT CRIM MISCHIEF 2ND|E,1
219,ATT CRIM POSS CONTR SUBSTANCE 3RD|C,16
219,ATT CRIM POSS CONTR SUBSTANCE 4TH|D,5
219,ATT CRIM POSS CONTR SUBSTANCE 5TH|E,1
219,ATT CRIM POSS FORGED INST 2ND|E,4
219,ATT CRIM POSS WEAP 2ND|D,62
219,ATT CRIM POSS WEAP 3RD SUB 1 2 3|E,5
219,ATT CRIM POSS WEAP 3RD SUB 4-8 VFO|E,1
219,ATT CRIM SALE CONTR SUBSTANCE 3RD|C,22
219,ATT CRIM SEXUAL ACT 1ST|C,1
219,ATT CRIM SEXUAL ACT 2ND|E,3
219,ATT ENTERPRISE CORRUPTION|C,1
219,ATT FORGERY 2ND|E,1
219,ATT GANG ASSAULT 2ND|D,1
219,ATT KIDNAPPING 2ND|C,2
219,ATT MURDER 1ST|A1,1
219,ATT MURDER 2ND|B,12
219,ATT OPERATE MAJOR DRUG TRAFFICKER|B,2
219,ATT PROM PRISON CONTRABAND 1ST|E,6
219,ATT PROM SEXUAL PERF BY A CHILD|E,1
219,ATT RAPE 1ST|C,2
219,ATT ROBBERY 1ST|C,10
219,ATT ROBBERY 2ND SUB 1|D,11
219,ATT ROBBERY 2ND SUB 2 3|D,12
219,ATT ROBBERY 3RD|E,4
219,ATT SEXUAL ABUSE 1ST|E,1
219,ATT STRANGULATION 2ND|E,4
219,ATT UNLAW MANUFACTURE METH 3RD|E,1
219,BAIL JUMPING 2ND|E,1
219,BURGLARY 1ST|B,6
219,BURGLARY 2ND SUB 1|C,2
219,BURGLARY 2ND SUB 2|C,17
219,BURGLARY 2ND|C,1
219,BURGLARY 3RD|D,37
219,CONSPIRACY 2ND|B,5
219,CONSPIRACY 4TH|E,3
219,COURSE SEX CONDUCT-CHILD 1ST|B,2
219,COURSE SEX CONDUCT-CHILD 2ND|D,4
219,CRIM CONTEMPT 1ST|E,9
219,CRIM MISCHIEF 2ND|D,1
219,CRIM MISCHIEF 3RD|E,2
219,CRIM NEGLIGENT HOMICIDE|E,1
219,CRIM POSS CONTR SUBSTANCE 1ST|A1,5
219,CRIM POSS CONTR SUBSTANCE 2ND|A2,12
219,CRIM POSS CONTR SUBSTANCE 3RD|B,76
219,CRIM POSS CONTR SUBSTANCE 4TH|C,10
219,CRIM POSS CONTR SUBSTANCE 5TH|D,21
219,CRIM POSS FIREARM|E,3
219,CRIM POSS FORGED INST 1ST|C,1
219,CRIM POSS FORGED INST 2ND|D,7
219,CRIM POSS FORGERY DEVICES|D,1
219,CRIM POSS MARIHUANA 1ST|C,1
219,CRIM POSS MARIHUANA 2ND|D,2
219,CRIM POSS STOLEN PROP 3RD|D,2
219,CRIM POSS STOLEN PROP 4TH|E,4
219,CRIM POSS WEAP 2ND|C,57
219,CRIM POSS WEAP 3RD SUB 1 2 3|D,7
219,CRIM POSS WEAP 3RD SUB 4-8 VFO|D,2
219,CRIM SALE CONTR SUBSTANCE 2ND|A2,7
219,CRIM SALE CONTR SUBSTANCE 3RD|B,67
219,CRIM SALE CONTR SUBSTANCE 4TH|C,4
219,CRIM SALE CONTR SUBSTANCE 5TH|D,14
219,CRIM SALE FIREARM 3RD|D,2
219,CRIM SEXUAL ACT 1ST|B,2
219,CRIM USE OF FIREARMS 1ST|B,1
219,DISSEM INDECENT MAT MINOR 2ND|E,1
219,DRIV IMP/DRUGS-2ND OFFENSE|E,2
219,DWI:ALCOHOL/DRUGS-2ND OFFENSE|E,18
219,DWI:ALCOHOL/DRUGS-3RD OFFENSE|D,17
219,ENTERPRISE CORRUPTION|B,4
219,ESCAPE 2ND|E,2
219,FORGERY 2ND|D,3
219,GRAND LARCENY - AUTO 3RD|D,1
219,GRAND LARCENY - AUTO 4TH|E,4
219,GRAND LARCENY - NOT AUTO 1ST|B,1
219,GRAND LARCENY - NOT AUTO 2ND|C,2
219,GRAND LARCENY - NOT AUTO 3RD|D,16
219,GRAND LARCENY - NOT AUTO 4TH|E,23
219,IDENTITY THEFT 1ST|D,5
219,IDENTITY THEFT 2ND|E,3
219,KIDNAPPING 2ND|B,2
219,LV SCENE OF ACCIDENT - DEATH|D,4
219,MANSLAUGHTER 1ST|B,23
219,MANSLAUGHTER 2ND|C,2
219,MONEY LAUNDERING 2ND|C,1
219,MURDER 1ST|A1,1
219,MURDER 2ND|A1,10
219,OFFER FALSE INST FILING 1ST|E,2
219,OPERATE MAJOR DRUG TRAFFICKER|A1,3
219,PATRONIZING A PROSTITUTE 1ST|D,1
219,POSS A SEX PERF BY A CHILD|E,2
219,PRED SEX ASSAULT AGAINST CHILD|A2,4
219,PROM PRISON CONTRABAND 1ST|D,1
219,PROM PROSTITUTION 3RD|D,1
219,RAPE 1ST|B,6
219,RAPE 2ND|D,2
219,RAPE 3RD|E,4
219,RECKLESS ENDANGERMENT 1ST|D,1
219,ROBBERY 1ST|B,21
219,ROBBERY 2ND SUB 1|C,9
219,ROBBERY 2ND SUB 2 3|C,10
219,ROBBERY 3RD|D,16
219,SEX OFF REG VIOL-2ND OFFENSE|D,1
219,SEX TRAFFICKING|B,1
219,SEXUAL ABUSE 1ST|D,5
219,SODOMY 2ND|D,1
219,STRANGULATION 2ND|D,4
219,UNLAW MANUFACTURE METH 3RD|D,3
219,VEHICULAR ASSAULT 1ST|D,1
219,VEHICULAR ASSAULT 2ND|E,2
220,AGG DWI:1 PRIOR CONV-10 YRS|E,2
220,AGG DWI:W/CHILD|E,2
220,AGG HAR:EMPLOYEE BY INMATE|E,1
220,AGG UNLIC OPER MV 1ST|E,6
220,AGGRAVATED CRIM CONTEMPT|D,7
220,AGGRAVATED FAMILY OFFENSE|E,4
220,AGGRAVATED VEHICULAR ASSAULT|C,1
220,AGGRAVATED VEHICULAR HOMICIDE|B,1
220,ARSON 3RD|C,4
220,ASSAULT 1ST|B,5
220,ASSAULT 2ND|D,31
220,ATT AGGRAVATED CRIM CONTEMPT|E,1
220,ATT ARSON 2ND|C,1
220,ATT ARSON 3RD|D,1
220,ATT ASSAULT 1ST|C,12
220,ATT ASSAULT 2ND|E,15
220,ATT BURGLARY 2ND SUB 1|D,1
220,ATT BURGLARY 2ND SUB 2|D,16
220,ATT BURGLARY 3RD|E,6
220,ATT COURSE SEX CONDUCT-CHILD 1ST|C,1
220,ATT CRIM POSS CONTR SUBSTANCE 3RD|C,21
220,ATT CRIM POSS CONTR SUBSTANCE 5TH|E,5
220,ATT CRIM POSS FORGED INST 1ST|D,1
220,ATT CRIM POSS FORGED INST 2ND|E,1
220,ATT CRIM POSS WEAP 2ND|D,46
220,ATT CRIM POSS WEAP 3RD SUB 1 2 3|E,5
220,ATT CRIM SALE CONTR SUBSTANCE 3RD|C,16
220,ATT CRIM SALE CONTR SUBSTANCE 5TH|E,1
220,ATT CRIM SEXUAL ACT 1ST|C,3
220,ATT DWI:ALCOHOL/DRUGS-3RD OFFENSE|E,1
220,ATT GANG ASSAULT 1ST|C,2
220,ATT GRAND LARCENY - NOT AUTO 2ND|D,2
220,ATT GRAND LARCENY - NOT AUTO 3RD|E,2
220,ATT IDENTITY THEFT 1ST|E,1
220,ATT MURDER 2ND|B,13
220,ATT OPERATE MAJOR DRUG TRAFFICKER|B,2
220,ATT PERJURY 1ST|E,1
220,ATT PROM PRISON CONTRABAND 1ST|E,2
220,ATT PROM PROSTITUTION 2ND|D,1
220,ATT PROM PROSTITUTION 3RD|E,1
220,ATT RAPE 1ST|C,1
220,ATT ROBBERY 1ST|C,9
220,ATT ROBBERY 2ND SUB 1|D,7
220,ATT ROBBERY 2ND SUB 2 3|D,10
220,ATT ROBBERY 2ND|D,1
220,ATT ROBBERY 3RD|E,4
220,ATT SEXUAL ABUSE 1ST|E,2
220,ATT STRANGULATION 2ND|E,1
220,BAIL JUMPING 2ND|E,1
220,BURGLARY 1ST|B,7
220,BURGLARY 2ND SUB 2|C,25
220,BURGLARY 3RD|D,37
220,COMMERCIAL BRIBE REC 1ST|E,2
220,CONSPIRACY 2ND|B,4
220,CONSPIRACY 4TH|E,2
220,COURSE SEX CONDUCT-CHILD 1ST|B,3
220,CRIM CONTEMPT 1ST|E,9
220,CRIM MISCHIEF 3RD|E,3
220,CRIM NEGLIGENT HOMICIDE|E,1
220,CRIM NUISANCE 1ST|E,1
220,CRIM POSS CONTR SUBSTANCE 1ST|A1,1
220,CRIM POSS CONTR SUBSTANCE 2ND|A2,11
220,CRIM POSS CONTR SUBSTANCE 3RD|B,73
220,CRIM POSS CONTR SUBSTANCE 4TH|C,11
220,CRIM POSS CONTR SUBSTANCE 5TH|D,14
220,CRIM POSS FIREARM|E,3
220,CRIM POSS FORGED INST 1ST|C,2
220,CRIM POSS FORGED INST 2ND|D,11
220,CRIM POSS FORGERY DEVICES|D,1
220,CRIM POSS MARIHUANA 1ST|C,1
220,CRIM POSS MARIHUANA 2ND|D,1
220,CRIM POSS MARIHUANA 3RD|E,1
220,CRIM POSS STOLEN PROP 2ND|C,1
220,CRIM POSS STOLEN PROP 3RD|D,1
220,CRIM POSS STOLEN PROP 4TH|E,8
220,CRIM POSS WEAP 2ND|C,50
220,CRIM POSS WEAP 3RD SUB 1 2 3|D,20
220,CRIM SALE CONTR SUBS - SCHOOL|B,1
220,CRIM SALE CONTR SUBSTANCE 2ND|A2,9
220,CRIM SALE CONTR SUBSTANCE 3RD|B,69
220,CRIM SALE CONTR SUBSTANCE 4TH|C,3
220,CRIM SALE CONTR SUBSTANCE 5TH|D,12
220,CRIM SALE FIREARM 1ST|B,3
220,CRIM SALE FIREARM 3RD|D,4
220,CRIM SEXUAL ACT 1ST|B,4
220,CRIM SEXUAL ACT 2ND|D,3
220,CRIM SEXUAL ACT 3RD|E,2
220,DISSEM INDECENT MAT MINOR 1ST|D,1
220,DRIV IMP/DRUGS-2ND OFFENSE|E,4
220,DWI:ALCOHOL/DRUGS-2ND OFFENSE|E,13
220,DWI:ALCOHOL/DRUGS-3RD OFFENSE|D,11
220,ENTERPRISE CORRUPTION|B,3
220,FALSIFY BUSINESS RECORDS 1ST|E,1
220,FORGERY 2ND|D,1
220,GANG ASSAULT 1ST|B,1
220,GRAND LARCENY - AUTO 4TH|E,3
220,GRAND LARCENY - NOT AUTO 1ST|B,2
220,GRAND LARCENY - NOT AUTO 2ND|C,7
220,GRAND LARCENY - NOT AUTO 3RD|D,15
220,GRAND LARCENY - NOT AUTO 4TH|E,27
220,HINDERING PROSECUTION 1ST|D,1
220,HINDERING PROSECUTION 2ND|E,2
220,IDENTITY THEFT 1ST|D,2
220,IDENTITY THEFT 2ND|E,1
220,MANSLAUGHTER 1ST|B,14
220,MANSLAUGHTER 2ND|C,4
220,MENACING POLICE/PEACE OFFICER|D,1
220,MURDER 1ST|A1,1
220,MURDER 2ND|A1,12
220,OFFER FALSE INST FILING 1ST|E,1
220,PERJURY 1ST|D,1
220,PERSISTENT SEXUAL ABUSE|E,1
220,POSS A SEX PERF BY A CHILD|E,1
220,PROM PRISON CONTRABAND 1ST|D,3
220,PROM PROSTITUTION 2ND|C,1
220,RAPE 1ST|B,8
220,RAPE 2ND|D,3
220,RAPE 3RD|E,3
220,RECKLESS ENDANGERMENT 1ST|D,1
220,ROBBERY 1ST|B,25
220,ROBBERY 2ND SUB 1|C,8
220,ROBBERY 2ND SUB 2 3|C,7
220,ROBBERY 3RD|D,13
220,SCHEME TO DEFRAUD 1ST|E,1
220,SEX OFF REG VIOL-1ST OFFENSE|E,1
220,SEX OFF REG VIOL-2ND OFFENSE|D,1
220,SEX TRAFFICKING SUB 5A  5B|B,1
220,SEXUAL ABUSE 1ST|D,14
220,STRANGULATION 2ND|D,3
220,UNLAW MANUFACTURE METH 2ND|C,1
220,UNLAW MANUFACTURE METH 3RD|D,5
220,VEHICULAR ASSAULT 1ST|D,2
220,VEHICULAR ASSAULT 2ND|E,2
220,VEHICULAR MANSLAUGHTER 1ST|C,1
220,WELFARE FRAUD 3RD|D,1
220,WELFARE FRAUD 4TH|E,1
221,AGG DWI:1 PRIOR CONV-10 YRS|E,2
221,AGG DWI:W/CHILD|E,1
221,AGG UNLIC OPER MV 1ST|E,6
221,AGGRAVATED CRIM CONTEMPT|D,5
221,AGGRAVATED FAMILY OFFENSE|E,5
221,ARSON 2ND|B,1
221,ARSON 4TH|E,2
221,ASSAULT 1ST|B,17
221,ASSAULT 2ND|D,28
221,ATT ARSON 2ND|C,2
221,ATT ARSON 3RD|D,1
221,ATT ASSAULT 1ST|C,9
221,ATT ASSAULT 2ND|E,16
221,ATT BAIL JUMPING 1ST|E,1
221,ATT BURGLARY 1ST|C,1
221,ATT BURGLARY 2ND SUB 1|D,2
221,ATT BURGLARY 2ND SUB 2|D,30
221,ATT BURGLARY 2ND|D,2
221,ATT BURGLARY 3RD|E,8
221,ATT COURSE SEX CONDUCT-CHILD 1ST|C,1
221,ATT CRIM POSS CONTR SUBSTANCE 3RD|C,25
221,ATT CRIM POSS CONTR SUBSTANCE 4TH|D,4
221,ATT CRIM POSS CONTR SUBSTANCE 5TH|E,8
221,ATT CRIM POSS FORGED INST 2ND|E,3
221,ATT CRIM POSS STOLEN PROP 3RD|E,1
221,ATT CRIM POSS WEAP 2ND|D,42
221,ATT CRIM POSS WEAP 3RD SUB 1 2 3|E,3
221,ATT CRIM POSS WEAP 3RD SUB 4-8 VFO|E,3
221,ATT CRIM SALE CONTR SUBSTANCE 3RD|C,22
221,ATT CRIM SALE CONTR SUBSTANCE 5TH|E,1
221,ATT CRIM SEXUAL ACT 1ST|C,1
221,ATT CRIM TAMPERING 1ST|E,2
221,ATT GRAND LARCENY - NOT AUTO 3RD|E,1
221,ATT MENACING POLICE/PEACE OFFICER|E,2
221,ATT MURDER 2ND|B,14
221,ATT OPERATE MAJOR DRUG TRAFFICKER|B,1
221,ATT PROM OBSCENE SEX PERF BY CHILD|E,1
221,ATT PROM PRISON CONTRABAND 1ST|E,5
221,ATT PROM SEXUAL PERF BY A CHILD|E,1
221,ATT RAPE 1ST|C,2
221,ATT ROBBERY 1ST|C,13
221,ATT ROBBERY 2ND SUB 1|D,11
221,ATT ROBBERY 2ND SUB 2 3|D,14
221,ATT ROBBERY 2ND|D,2
221,ATT ROBBERY 3RD|E,5
221,ATT STRANGULATION 2ND|E,3
221,ATT UNLAW MANUFACTURE METH 3RD|E,1
221,BURGLARY 1ST|B,13
221,BURGLARY 2ND SUB 1|C,2
221,BURGLARY 2ND SUB 2|C,25
221,BURGLARY 3RD|D,38
221,COMPUTER TRESPASS|E,1
221,CONSPIRACY 2ND|B,3
221,CONSPIRACY 3RD|D,1
221,CONSPIRACY 4TH|E,3
221,COURSE SEX CONDUCT-CHILD 1ST|B,5
221,COURSE SEX CONDUCT-CHILD 2ND|D,1
221,CRIM CONTEMPT 1ST|E,16
221,CRIM MISCHIEF 3RD|E,4
221,CRIM POSS CONTR SUBSTANCE 1ST|A1,2
221,CRIM POSS CONTR SUBSTANCE 2ND|A2,27
221,CRIM POSS CONTR SUBSTANCE 3RD|B,77
221,CRIM POSS CONTR SUBSTANCE 4TH|C,12
221,CRIM POSS CONTR SUBSTANCE 5TH|D,19
221,CRIM POSS FIREARM|E,12
221,CRIM POSS FORGED INST 2ND|D,6
221,CRIM POSS FORGERY DEVICES|D,1
221,CRIM POSS MARIHUANA 3RD|E,1
221,CRIM POSS STOLEN PROP 2ND|C,1
221,CRIM POSS STOLEN PROP 4TH|E,8
221,CRIM POSS WEAP 2ND|C,44
221,CRIM POSS WEAP 3RD SUB 1 2 3|D,11
221,CRIM SALE CONTR SUBS - SCHOOL|B,3
221,CRIM SALE CONTR SUBSTANCE 2ND|A2,8
221,CRIM SALE CONTR SUBSTANCE 3RD|B,61
221,CRIM SALE CONTR SUBSTANCE 4TH|C,4
221,CRIM SALE CONTR SUBSTANCE 5TH|D,11
221,CRIM SALE FIREARM 1ST|B,3
221,CRIM SALE FIREARM 3RD|D,3
221,CRIM SEXUAL ACT 1ST|B,9
221,CRIM SEXUAL ACT 2ND|D,1
221,CRIM SEXUAL ACT 3RD|E,1
221,DRIV IMP/DRUGS-2ND OFFENSE|E,1
221,DWI:ALCOHOL/DRUGS-2ND OFFENSE|E,15
221,DWI:ALCOHOL/DRUGS-3RD OFFENSE|D,5
221,ENTERPRISE CORRUPTION|B,2
221,FORGERY 2ND|D,1
221,GRAND LARCENY - AUTO 3RD|D,2
221,GRAND LARCENY - AUTO 4TH|E,3
221,GRAND LARCENY - NOT AUTO 1ST|B,2
221,GRAND LARCENY - NOT AUTO 2ND|C,3
221,GRAND LARCENY - NOT AUTO 3RD|D,7
221,GRAND LARCENY - NOT AUTO 4TH|E,23
221,IDENTITY THEFT 1ST|D,2
221,IDENTITY THEFT 2ND|E,1
221,JO - MURDER 2ND|A1,1
221,KIDNAPPING 2ND|B,2
221,MANSLAUGHTER 1ST|B,21
221,MANSLAUGHTER 2ND|C,2
221,MURDER 1ST|A1,3
221,MURDER 2ND|A1,13
221,OPERATE MAJOR DRUG TRAFFICKER|A1,1
221,PERJURY 1ST|D,2
221,PERSISTENT SEXUAL ABUSE|E,1
221,POSS A SEX PERF BY A CHILD|E,1
221,PRED SEX ASSAULT AGAINST CHILD|A2,4
221,PREDATORY SEXUAL ASSAULT|A2,1
221,PROM PRISON CONTRABAND 1ST|D,3
221,PROM PROSTITUTION 3RD|D,1
221,RAPE 1ST|B,6
221,RAPE 2ND|D,3
221,RAPE 3RD|E,5
221,RECKLESS ENDANGERMENT 1ST|D,2
221,ROBBERY 1ST|B,20
221,ROBBERY 2ND SUB 1 (HATE CRIME)|B,1
221,ROBBERY 2ND SUB 1|C,9
221,ROBBERY 2ND SUB 2 3|C,2
221,ROBBERY 3RD|D,12
221,SCHEME TO DEFRAUD 1ST|E,1
221,SEX OFF REG VIOL-1ST OFFENSE|E,4
221,SEX TRAFFICKING|B,2
221,SEXUAL ABUSE 1ST|D,12
221,STALKING 1ST SUB 1|D,1
221,STRANGULATION 2ND|D,3
221,TAMPER WITH PHYS EVIDENCE|E,1
221,UNLAW MANUFACTURE METH 2ND|C,1
221,UNLAW MANUFACTURE METH 3RD|D,2
221,UNLAW SURVEILLANCE 2ND SUB 1|E,1
221,USE OF CHILD IN A SEXUAL PERF|C,3
221,VEHICULAR MANSLAUGHTER 2ND|D,1
222,AGG DWI:1 PRIOR CONV-10 YRS|E,2
222,AGG DWI:W/CHILD|E,2
222,AGG UNLIC OPER MV 1ST|E,2
222,AGGRAVATED FAMILY OFFENSE|E,2
222,AGGRAVATED VEHICULAR ASSAULT|C,1
222,AGGRAVATED VEHICULAR HOMICIDE|B,1
222,ASSAULT 1ST|B,15
222,ASSAULT 2ND|D,33
222,ATT AGGRAVATED MURDER|A1,1
222,ATT ARSON 2ND|C,1
222,ATT ASSAULT 1ST|C,12
222,ATT ASSAULT 2ND|E,11
222,ATT BURGLARY 1ST|C,3
222,ATT BURGLARY 2ND SUB 1|D,1
222,ATT BURGLARY 2ND SUB 2|D,22
222,ATT BURGLARY 2ND|D,1
222,ATT BURGLARY 3RD|E,9
222,ATT CONSPIRACY 2ND|C,2
222,ATT COURSE SEX CONDUCT-CHILD 1ST|C,1
222,ATT CRIM POSS CONTR SUBSTANCE 2ND|A2,1
222,ATT CRIM POSS CONTR SUBSTANCE 3RD|C,17
222,ATT CRIM POSS CONTR SUBSTANCE 4TH|D,3
222,ATT CRIM POSS CONTR SUBSTANCE 5TH|E,4
222,ATT CRIM POSS FORGED INST 2ND|E,5
222,ATT CRIM POSS STOLEN PROP 3RD|E,1
222,ATT CRIM POSS WEAP 2ND|D,38
222,ATT CRIM POSS WEAP 3RD SUB 1 2 3|E,4
222,ATT CRIM SALE CONTR SUBSTANCE 3RD|C,12
222,ATT CRIM SALE CONTR SUBSTANCE 5TH|E,2
222,ATT FORGERY 2ND|E,1
222,ATT GANG ASSAULT 2ND|D,2
222,ATT GRAND LARCENY - AUTO 3RD|E,2
222,ATT GRAND LARCENY - NOT AUTO 3RD|E,1
222,ATT KIDNAPPING 2ND|C,1
222,ATT MURDER 2ND|B,11
222,ATT OPERATE MAJOR DRUG TRAFFICKER|B,2
222,ATT PROM PRISON CONTRABAND 1ST|E,1
222,ATT PROM PROSTITUTION 2ND|D,2
222,ATT RAPE 1ST|C,4
222,ATT RAPE 2ND|E,1
222,ATT ROBBERY 1ST|C,10
222,ATT ROBBERY 2ND SUB 1|D,9
222,ATT ROBBERY 2ND SUB 2 3|D,12
222,ATT ROBBERY 2ND|D,2
222,ATT ROBBERY 3RD|E,2
222,ATT SEX TRAFFICKING|C,1
222,ATT SEXUAL ABUSE 1ST|E,1
222,BAIL JUMPING 2ND|E,4
222,BURGLARY 1ST|B,9
222,BURGLARY 2ND SUB 1|C,1
222,BURGLARY 2ND SUB 2|C,21
222,BURGLARY 3RD|D,49
222,COERCION 1ST|D,1
222,CONSPIRACY 2ND|B,4
222,CONSPIRACY 3RD|D,1
222,CONSPIRACY 4TH|E,2
222,COURSE SEX CONDUCT-CHILD 1ST|B,3
222,COURSE SEX CONDUCT-CHILD 2ND|D,1
222,CRIM CONTEMPT 1ST|E,14
222,CRIM MISCHIEF 3RD|E,1
222,CRIM POSS CONTR SUBSTANCE 2ND|A2,15
222,CRIM POSS CONTR SUBSTANCE 3RD|B,77
222,CRIM POSS CONTR SUBSTANCE 4TH|C,10
222,CRIM POSS CONTR SUBSTANCE 5TH|D,20
222,CRIM POSS FIREARM|E,3
222,CRIM POSS FORGED INST 1ST|C,1
222,CRIM POSS FORGED INST 2ND|D,4
222,CRIM POSS MARIHUANA 1ST|C,1
222,CRIM POSS MARIHUANA 2ND|D,2
222,CRIM POSS PRECURSORS OF METH|E,1
222,CRIM POSS STOLEN PROP 3RD|D,3
222,CRIM POSS STOLEN PROP 4TH|E,7
222,CRIM POSS WEAP 2ND|C,43
222,CRIM POSS WEAP 3RD SUB 1 2 3|D,21
222,CRIM POSS WEAP 3RD SUB 4-8 VFO|D,1
222,CRIM SALE CONTR SUBS - SCHOOL|B,1
222,CRIM SALE CONTR SUBSTANCE 1ST|A1,2
222,CRIM SALE CONTR SUBSTANCE 2ND|A2,8
222,CRIM SALE CONTR SUBSTANCE 3RD|B,58
222,CRIM SALE CONTR SUBSTANCE 4TH|C,2
222,CRIM SALE CONTR SUBSTANCE 5TH|D,13
222,CRIM SEXUAL ACT 1ST|B,4
222,CRIM SEXUAL ACT 2ND|D,1
222,CRIM USE OF FIREARMS 1ST|B,1
222,DWI:ALCOHOL/DRUGS-2ND OFFENSE|E,15
222,DWI:ALCOHOL/DRUGS-3RD OFFENSE|D,11
222,ENTERPRISE CORRUPTION|B,3
222,FORGERY 2ND|D,4
222,GANG ASSAULT 1ST|B,1
222,GANG ASSAULT 2ND|C,1
222,GRAND LARCENY - AUTO 3RD|D,3
222,GRAND LARCENY - NOT AUTO 1ST|B,1
222,GRAND LARCENY - NOT AUTO 2ND|C,5
222,GRAND LARCENY - NOT AUTO 3RD|D,18
222,GRAND LARCENY - NOT AUTO 4TH|E,15
222,IDENTITY THEFT 1ST|D,1
222,IDENTITY THEFT 2ND|E,2
222,KIDNAPPING 2ND|B,2
222,LV SCENE OF ACCIDENT - DEATH|D,1
222,MAKE TERRORISTIC THREAT|D,1
222,MANSLAUGHTER 1ST|B,11
222,MANSLAUGHTER 2ND|C,2
222,MURDER 1ST|A1,4
222,MURDER 2ND|A1,12
222,OPERATE MAJOR DRUG TRAFFICKER|A1,2
222,POSS A SEX PERF BY A CHILD|E,2
222,POSS/TRANS 10K UNSTAMPED CIGS|E,1
222,PRED SEX ASSAULT AGAINST CHILD|A2,1
222,PROM OBSCENE SEX PERF BY CHILD|D,1
222,PROM PRISON CONTRABAND 1ST|D,1
222,PROM SEXUAL PERF BY A CHILD|D,3
222,RAPE 1ST|B,4
222,RAPE 2ND|D,4
222,RAPE 3RD|E,2
222,RECKLESS ENDANGERMENT 1ST|D,4
222,ROBBERY 1ST|B,18
222,ROBBERY 2ND SUB 1|C,5
222,ROBBERY 2ND SUB 2 3|C,12
222,ROBBERY 3RD|D,23
222,SCHEME TO DEFRAUD 1ST|E,2
222,SEX OFF REG VIOL-1ST OFFENSE|E,1
222,SEX OFF REG VIOL-2ND OFFENSE|D,1
222,SEX TRAFFICKING|B,1
222,SEXUAL ABUSE 1ST|D,10
222,TAMPER WITH PHYS EVIDENCE|E,1
222,UNLAW MANUFACTURE METH 2ND|C,1
222,UNLAW MANUFACTURE METH 3RD|D,3
222,UNLAW SURVEILLANCE 2ND(2 3 4)|E,1
222,USE OF CHILD IN A SEXUAL PERF|C,2
222,VEHICULAR ASSAULT 2ND|E,1
222,VEHICULAR MANSLAUGHTER 2ND|D,1
223,AGG DWI:1 PRIOR CONV-10 YRS|E,7
223,AGG DWI:2 PRIOR CONV-10 YRS|D,2
223,AGG DWI:W/CHILD|E,2
223,AGG UNLIC OPER MV 1ST|E,8
223,AGGRAVATED CRIM CONTEMPT|D,2
223,AGGRAVATED FAMILY OFFENSE|E,4
223,AGGRAVATED VEHICULAR ASSAULT|C,1
223,AGGRAVATED VEHICULAR HOMICIDE|B,3
223,ARSON 3RD|C,3
223,ASSAULT 1ST|B,10
223,ASSAULT 2ND|D,26
223,ATT ARSON 2ND|C,3
223,ATT ASSAULT 1ST|C,7
223,ATT ASSAULT 2ND|E,12
223,ATT BURGLARY 1ST|C,1
223,ATT BURGLARY 2ND SUB 1|D,1
223,ATT BURGLARY 2ND SUB 2|D,19
223,ATT BURGLARY 3RD|E,10
223,ATT COURSE SEX CONDUCT-CHILD 1ST|C,1
223,ATT CRIM POSS CONTR SUBSTANCE 2ND|A2,1
223,ATT CRIM POSS CONTR SUBSTANCE 3RD|C,18
223,ATT CRIM POSS CONTR SUBSTANCE 4TH|D,3
223,ATT CRIM POSS CONTR SUBSTANCE 5TH|E,7
223,ATT CRIM POSS FORGED INST 2ND|E,3
223,ATT CRIM POSS STOLEN PROP 3RD|E,1
223,ATT CRIM POSS WEAP 2ND|D,34
223,ATT CRIM POSS WEAP 3RD SUB 1 2 3|E,2
223,ATT CRIM SALE CONTR SUBSTANCE 3RD|C,15
223,ATT CRIM SALE CONTR SUBSTANCE 4TH|D,1
223,ATT CRIM SEXUAL ACT 1ST|C,1
223,ATT CRIM SEXUAL ACT 2ND|E,1
223,ATT DISSEM INDECENT MAT MINOR 1ST|E,1
223,ATT GANG ASSAULT 1ST|C,1
223,ATT GRAND LARCENY - NOT AUTO 3RD|E,2
223,ATT KIDNAPPING 2ND|C,1
223,ATT MAKE TERRORISTIC THREAT|E,1
223,ATT MURDER 1ST|A1,1
223,ATT MURDER 2ND|B,14
223,ATT PROM PRISON CONTRABAND 1ST|E,3
223,ATT RAPE 1ST|C,1
223,ATT RAPE 2ND|E,1
223,ATT RECKLESS ENDANGERMENT 1ST|E,1
223,ATT ROBBERY 1ST|C,12
223,ATT ROBBERY 2ND SUB 1|D,14
223,ATT ROBBERY 2ND SUB 2 3|D,6
223,ATT ROBBERY 3RD|E,3
223,ATT SEXUAL ABUSE 1ST|E,2
223,ATT STRANGULATION 2ND|E,1
223,AUTO STRIPPING 2ND|E,1
223,BAIL JUMPING 2ND|E,1
223,BURGLARY 1ST|B,8
223,BURGLARY 2ND SUB 1|C,3
223,BURGLARY 2ND SUB 2 (HATE CRIME)|B,1
223,BURGLARY 2ND SUB 2|C,15
223,BURGLARY 3RD|D,34
223,COERCION 1ST|D,2
223,CONSPIRACY 1ST|A1,1
223,CONSPIRACY 2ND|B,4
223,CONSPIRACY 4TH|E,2
223,COURSE SEX CONDUCT-CHILD 1ST|B,3
223,COURSE SEX CONDUCT-CHILD 2ND|D,5
223,CRIM CONTEMPT 1ST|E,21
223,CRIM MISCHIEF 2ND|D,3
223,CRIM MISCHIEF 3RD|E,3
223,CRIM NEGLIGENT HOMICIDE|E,2
223,CRIM POSS CONTR SUBSTANCE 1ST|A1,1
223,CRIM POSS CONTR SUBSTANCE 2ND|A2,14
223,CRIM POSS CONTR SUBSTANCE 3RD|B,61
223,CRIM POSS CONTR SUBSTANCE 4TH|C,8
223,CRIM POSS CONTR SUBSTANCE 5TH|D,26
223,CRIM POSS FIREARM|E,3
223,CRIM POSS FORGED INST 1ST|C,1
223,CRIM POSS FORGED INST 2ND|D,7
223,CRIM POSS MARIHUANA 2ND|D,2
223,CRIM POSS PRECURSORS OF METH|E,1
223,CRIM POSS STOLEN PROP 3RD|D,1
223,CRIM POSS STOLEN PROP 4TH|E,2
223,CRIM POSS WEAP 2ND|C,38
223,CRIM POSS WEAP 3RD SUB 1 2 3|D,7
223,CRIM PURCHASE/DISPOSAL WEAPON|D,1
223,CRIM SALE CONTR SUBS - SCHOOL|B,1
223,CRIM SALE CONTR SUBSTANCE 2ND|A2,4
223,CRIM SALE CONTR SUBSTANCE 3RD|B,52
223,CRIM SALE CONTR SUBSTANCE 5TH|D,10
223,CRIM SALE FIREARM 1ST|B,2
223,CRIM SALE MARIHUANA 3RD|E,1
223,CRIM SEXUAL ACT 1ST|B,8
223,CRIM SEXUAL ACT 2ND|D,3
223,CRIM SEXUAL ACT 3RD|E,1
223,DISSEM INDECENT MAT MINOR 1ST|D,1
223,DRIV IMP/DRUGS - 3RD OFFENSE|D,2
223,DRIV IMP/DRUGS-2ND OFFENSE|E,2
223,DWI:ALCOHOL/DRUGS-2ND OFFENSE|E,15
223,DWI:ALCOHOL/DRUGS-3RD OFFENSE|D,6
223,FALSIFY BUSINESS RECORDS 1ST|E,2
223,FORGERY 2ND|D,1
223,GANG ASSAULT 1ST|B,3
223,GRAND LARCENY - AUTO 3RD|D,1
223,GRAND LARCENY - AUTO 4TH|E,3
223,GRAND LARCENY - NOT AUTO 2ND|C,2
223,GRAND LARCENY - NOT AUTO 3RD|D,13
223,GRAND LARCENY - NOT AUTO 4TH|E,18
223,IDENTITY THEFT 1ST|D,2
223,IDENTITY THEFT 2ND|E,1
223,JO - BURGLARY 1ST|B,1
223,JO - RAPE 1ST|B,1
223,KIDNAPPING 2ND|B,1
223,LV SCENE OF ACCIDENT - DEATH|D,2
223,MANSLAUGHTER 1ST|B,15
223,MANSLAUGHTER 2ND|C,3
223,MURDER 1ST|A1,1
223,MURDER 2ND|A1,12
223,OPERATE MAJOR DRUG TRAFFICKER|A1,1
223,PERJURY 1ST|D,1
223,PERSISTENT SEXUAL ABUSE|E,1
223,POSS A SEX PERF BY A CHILD|E,6
223,POSS OBSCENE SEX PERF BY CHILD|E,1
223,PRED SEX ASSAULT AGAINST CHILD|A2,1
223,PROM PRISON CONTRABAND 1ST|D,1
223,PROM PROSTITUTION 1ST|B,1
223,PROM SEXUAL PERF BY A CHILD|D,4
223,RAPE 1ST|B,5
223,RAPE 2ND|D,4
223,RAPE 3RD|E,2
223,RECKLESS ASSAULT OF A CHILD|D,1
223,RECKLESS ENDANGERMENT 1ST|D,4
223,ROBBERY 1ST|B,22
223,ROBBERY 2ND SUB 1|C,6
223,ROBBERY 2ND SUB 2 3|C,11
223,ROBBERY 3RD|D,16
223,SEX OFF REG VIOL-1ST OFFENSE|E,1
223,SEX TRAFFICKING|B,1
223,SEXUAL ABUSE 1ST|D,5
223,STALKING 1ST SUB 1|D,1
223,STRANGULATION 1ST|C,1
223,STRANGULATION 2ND|D,2
223,TAMPER WITH PHYS EVIDENCE|E,1
223,UNLAW MANUFACTURE METH 2ND|C,1
223,UNLAW MANUFACTURE METH 3RD|D,5
223,UNLAW SURVEILLANCE 2ND(2 3 4)|E,1
223,USE OF CHILD IN A SEXUAL PERF|C,2
223,VEHICULAR ASSAULT 2ND|E,1
224,AGG DWI:1 PRIOR CONV-10 YRS|E,4
224,AGG DWI:2 PRIOR CONV-10 YRS|D,1
224,AGG DWI:W/CHILD|E,3
224,AGG UNLIC OPER MV 1ST|E,3
224,AGGRAVATED CRIM CONTEMPT|D,4
224,AGGRAVATED FAMILY OFFENSE|E,7
224,ARSON 2ND|B,2
224,ARSON 3RD|C,2
224,ASSAULT 1ST|B,12
224,ASSAULT 2ND|D,25
224,ATT ARSON 3RD|D,1
224,ATT ASSAULT 1ST|C,11
224,ATT ASSAULT 2ND|E,15
224,ATT BURGLARY 1ST|C,3
224,ATT BURGLARY 2ND SUB 1|D,2
224,ATT BURGLARY 2ND SUB 2|D,31
224,ATT BURGLARY 3RD|E,11
224,ATT COERCION 1ST|E,1
224,ATT CONSPIRACY 2ND|C,1
224,ATT COURSE SEX CONDUCT-CHILD 1ST|C,2
224,ATT COURSE SEX CONDUCT-CHILD 2ND|E,1
224,ATT CRIM POSS CONTR SUBSTANCE 2ND|A2,2
224,ATT CRIM POSS CONTR SUBSTANCE 3RD|C,19
224,ATT CRIM POSS CONTR SUBSTANCE 4TH|D,3
224,ATT CRIM POSS CONTR SUBSTANCE 5TH|E,8
224,ATT CRIM POSS FORGED INST 2ND|E,6
224,ATT CRIM POSS WEAP 2ND|D,29
224,ATT CRIM POSS WEAP 3RD SUB 1 2 3|E,2
224,ATT CRIM SALE CONTR SUBSTANCE 3RD|C,23
224,ATT CRIM SALE CONTR SUBSTANCE 5TH|E,1
224,ATT CRIM SEXUAL ACT 1ST|C,1
224,ATT CRIM SEXUAL ACT 2ND|E,1
224,ATT DISSEM INDECENT MAT MINOR 1ST|E,1
224,ATT ENTERPRISE CORRUPTION|C,1
224,ATT GANG ASSAULT 1ST|C,1
224,ATT MURDER 1ST|A1,1
224,ATT MURDER 2ND|B,15
224,ATT PROM PRISON CONTRABAND 1ST|E,5
224,ATT PROM PROSTITUTION 1ST|C,1
224,ATT PROM SEXUAL PERF BY A CHILD|E,1
224,ATT RAPE 1ST|C,5
224,ATT RAPE 2ND|E,1
224,ATT ROBBERY 1ST|C,16
224,ATT ROBBERY 2ND SUB 1|D,13
224,ATT ROBBERY 2ND SUB 2 3|D,11
224,ATT ROBBERY 2ND|D,1
224,ATT ROBBERY 3RD|E,3
224,ATT SEXUAL ABUSE 1ST|E,2
224,ATT STRANGULATION 2ND|E,2
224,BAIL JUMPING 2ND|E,3
224,BRIBE REC 3RD|D,1
224,BURGLARY 1ST|B,7
224,BURGLARY 2ND SUB 1|C,1
224,BURGLARY 2ND SUB 2 (HATE CRIME)|B,1
224,BURGLARY 2ND SUB 2|C,13
224,BURGLARY 3RD|D,45
224,CONSPIRACY 2ND|B,6
224,CONSPIRACY 4TH|E,1
224,COURSE SEX CONDUCT-CHILD 1ST|B,5
224,COURSE SEX CONDUCT-CHILD 2ND|D,1
224,CRIM CONTEMPT 1ST|E,13
224,CRIM MISCHIEF 2ND|D,2
224,CRIM MISCHIEF 3RD|E,1
224,CRIM POSS CONTR SUBSTANCE 1ST|A1,3
224,CRIM POSS CONTR SUBSTANCE 2ND|A2,8
224,CRIM POSS CONTR SUBSTANCE 3RD|B,76
224,CRIM POSS CONTR SUBSTANCE 4TH|C,17
224,CRIM POSS CONTR SUBSTANCE 5TH|D,19
224,CRIM POSS FIREARM|E,7
224,CRIM POSS FORGED INST 2ND|D,9
224,CRIM POSS MARIHUANA 1ST|C,1
224,CRIM POSS MARIHUANA 2ND|D,1
224,CRIM POSS STOLEN PROP 2ND|C,2
224,CRIM POSS STOLEN PROP 3RD|D,4
224,CRIM POSS STOLEN PROP 4TH|E,13
224,CRIM POSS WEAP 2ND|C,41
224,CRIM POSS WEAP 3RD SUB 1 2 3|D,12
224,CRIM POSS WEAP 3RD SUB 4-8 VFO|D,3
224,CRIM SALE CONTR SUBS - SCHOOL|B,1
224,CRIM SALE CONTR SUBSTANCE 2ND|A2,11
224,CRIM SALE CONTR SUBSTANCE 3RD|B,63
224,CRIM SALE CONTR SUBSTANCE 5TH|D,13
224,CRIM SALE FIREARM 1ST|B,1
224,CRIM SALE FIREARM 2ND|C,1
224,CRIM SEXUAL ACT 1ST|B,2
224,CRIM SEXUAL ACT 2ND|D,3
224,DRIV IMP/DRUGS - 3RD OFFENSE|D,1
224,DRIV IMP/DRUGS-2ND OFFENSE|E,3
224,DWI:ALCOHOL/DRUGS-2ND OFFENSE|E,15
224,DWI:ALCOHOL/DRUGS-3RD OFFENSE|D,6
224,ENDANGER INCOMPETENT 1ST|E,1
224,ENTERPRISE CORRUPTION|B,1
224,FALSELY REPORTING INCIDENT 1ST|D,1
224,FORGERY 2ND|D,1
224,GANG ASSAULT 2ND|C,1
224,GRAND LARCENY - AUTO 2ND|C,1
224,GRAND LARCENY - AUTO 4TH|E,2
224,GRAND LARCENY - NOT AUTO 1ST|B,1
224,GRAND LARCENY - NOT AUTO 2ND|C,5
224,GRAND LARCENY - NOT AUTO 3RD|D,12
224,GRAND LARCENY - NOT AUTO 4TH|E,21
224,HINDERING PROSECUTION 1ST|D,1
224,IDENTITY THEFT 1ST|D,2
224,JO - MURDER 2ND|A1,1
224,KIDNAPPING 2ND|B,2
224,MANSLAUGHTER 1ST|B,10
224,MANSLAUGHTER 2ND|C,3
224,MURDER 1ST|A1,1
224,MURDER 2ND|A1,14
224,OFFER FALSE INST FILING 1ST|E,1
224,OPERATE MAJOR DRUG TRAFFICKER|A1,1
224,PERSISTENT SEXUAL ABUSE|E,1
224,POSS A SEX PERF BY A CHILD|E,4
224,PRED SEX ASSAULT AGAINST CHILD|A2,2
224,PROM PRISON CONTRABAND 1ST|D,1
224,PROM SEXUAL PERF BY A CHILD|D,3
224,RAPE 1ST|B,5
224,RAPE 2ND|D,2
224,RAPE 3RD|E,4
224,RECKLESS ASSAULT OF A CHILD|D,1
224,RECKLESS ENDANGERMENT 1ST|D,2
224,ROBBERY 1ST|B,10
224,ROBBERY 2ND SUB 1|C,14
224,ROBBERY 2ND SUB 2 3|C,8
224,ROBBERY 3RD|D,13
224,SEX OFF REG VIOL-1ST OFFENSE|E,1
224,SEX TRAFFICKING SUB 5A  5B|B,1
224,SEXUAL ABUSE 1ST|D,14
224,TAMPER WITH PHYS EVIDENCE|E,1
224,UNAUTH USE OF MV 2ND|E,1
224,UNLAW IMPRISONMENT 1ST|E,1
224,UNLAW MANUFACTURE METH 2ND|C,1
224,UNLAW MANUFACTURE METH 3RD|D,7
224,UNLAW SURVEILLANCE 2ND(2 3 4)|E,2
224,USE OF CHILD IN A SEXUAL PERF|C,1
224,VEHICULAR ASSAULT 1ST|D,1
224,VEHICULAR ASSAULT 2ND|E,3
224,VEHICULAR MANSLAUGHTER 1ST|C,1
224,VEHICULAR MANSLAUGHTER 2ND|D,1
225,AGG DWI:2 PRIOR CONV-10 YRS|D,1
225,AGG HAR:EMPLOYEE BY INMATE|E,2
225,AGG UNLIC OPER MV 1ST|E,3
225,AGGRAVATED FAMILY OFFENSE|E,5
225,ASSAULT 1ST|B,4
225,ASSAULT 2ND|D,31
225,ATT ARSON 3RD|D,1
225,ATT ASSAULT 1ST|C,9
225,ATT ASSAULT 2ND|E,16
225,ATT BURGLARY 1ST|C,1
225,ATT BURGLARY 2ND SUB 1|D,2
225,ATT BURGLARY 2ND SUB 2|D,6
225,ATT BURGLARY 3RD|E,10
225,ATT CRIM POSS CONTR SUBSTANCE 2ND|A2,2
225,ATT CRIM POSS CONTR SUBSTANCE 3RD|C,26
225,ATT CRIM POSS CONTR SUBSTANCE 4TH|D,3
225,ATT CRIM POSS CONTR SUBSTANCE 5TH|E,3
225,ATT CRIM POSS FORGED INST 1ST|D,2
225,ATT CRIM POSS FORGED INST 2ND|E,2
225,ATT CRIM POSS MARIHUANA 1ST|D,1
225,ATT CRIM POSS WEAP 2ND|D,28
225,ATT CRIM POSS WEAP 3RD SUB 1 2 3|E,5
225,ATT CRIM SALE CONTR SUBSTANCE 3RD|C,27
225,ATT CRIM SALE CONTR SUBSTANCE 5TH|E,1
225,ATT CRIM SALE MARIHUANA 2ND|E,1
225,ATT CRIM SEXUAL ACT 1ST|C,1
225,ATT DISSEM INDECENT MAT MINOR 1ST|E,1
225,ATT GRAND LARCENY - NOT AUTO 2ND|D,1
225,ATT GRAND LARCENY - NOT AUTO 3RD|E,3
225,ATT MURDER 2ND|B,6
225,ATT PROM PRISON CONTRABAND 1ST|E,7
225,ATT RAPE 2ND|E,2
225,ATT ROBBERY 1ST|C,8
225,ATT ROBBERY 2ND SUB 1|D,8
225,ATT ROBBERY 2ND SUB 2 3|D,9
225,ATT ROBBERY 3RD|E,3
225,ATT STRANGULATION 2ND|E,1
225,ATT UNLAW MANUFACTURE METH 3RD|E,2
225,BURGLARY 1ST|B,2
225,BURGLARY 2ND SUB 2|C,10
225,BURGLARY 3RD|D,28
225,CONSPIRACY 2ND|B,5
225,CONSPIRACY 4TH|E,3
225,COURSE SEX CONDUCT-CHILD 1ST|B,3
225,COURSE SEX CONDUCT-CHILD 2ND|D,4
225,CRIM CONTEMPT 1ST|E,15
225,CRIM MISCHIEF 2ND|D,2
225,CRIM MISCHIEF 3RD|E,1
225,CRIM NEGLIGENT HOMICIDE|E,1
225,CRIM POSS CONTR SUBSTANCE 1ST|A1,3
225,CRIM POSS CONTR SUBSTANCE 2ND|A2,10
225,CRIM POSS CONTR SUBSTANCE 3RD|B,53
225,CRIM POSS CONTR SUBSTANCE 4TH|C,13
225,CRIM POSS CONTR SUBSTANCE 5TH|D,12
225,CRIM POSS FIREARM|E,5
225,CRIM POSS FORGED INST 2ND|D,5
225,CRIM POSS FORGERY DEVICES|D,1
225,CRIM POSS MARIHUANA 1ST|C,1
225,CRIM POSS MARIHUANA 2ND|D,1
225,CRIM POSS STOLEN PROP 3RD|D,2
225,CRIM POSS STOLEN PROP 4TH|E,6
225,CRIM POSS WEAP 1ST|B,1
225,CRIM POSS WEAP 2ND|C,30
225,CRIM POSS WEAP 3RD SUB 1 2 3|D,11
225,CRIM SALE CONTR SUBS - SCHOOL|B,1
225,CRIM SALE CONTR SUBSTANCE 2ND|A2,4
225,CRIM SALE CONTR SUBSTANCE 3RD|B,69
225,CRIM SALE CONTR SUBSTANCE 4TH|C,2
225,CRIM SALE CONTR SUBSTANCE 5TH|D,3
225,CRIM SALE FIREARM 1ST|B,2
225,CRIM SALE FIREARM 3RD|D,1
225,CRIM SALE PRESCRIPTION|C,1
225,CRIM SEXUAL ACT 1ST|B,8
225,CRIM SEXUAL ACT 2ND|D,2
225,CRIM SEXUAL ACT 3RD|E,3
225,DISSEM INDECENT MAT MINOR 1ST|D,1
225,DRIV IMP/DRUGS-2ND OFFENSE|E,1
225,DWI:ALCOHOL/DRUGS-2ND OFFENSE|E,5
225,DWI:ALCOHOL/DRUGS-3RD OFFENSE|D,8
225,ENTERPRISE CORRUPTION|B,2
225,ESCAPE 2ND|E,1
225,FORGERY 2ND|D,2
225,GANG ASSAULT 1ST|B,2
225,GRAND LARCENY - AUTO 2ND|C,1
225,GRAND LARCENY - NOT AUTO 1ST|B,2
225,GRAND LARCENY - NOT AUTO 2ND|C,6
225,GRAND LARCENY - NOT AUTO 3RD|D,9
225,GRAND LARCENY - NOT AUTO 4TH|E,27
225,IDENTITY THEFT 1ST|D,1
225,IDENTITY THEFT 2ND|E,1
225,KIDNAPPING 2ND|B,1
225,MANSLAUGHTER 1ST|B,15
225,MANSLAUGHTER 2ND|C,3
225,MONEY LAUNDERING 1ST|B,1
225,MURDER 1ST|A1,1
225,MURDER 2ND|A1,9
225,POSS A SEX PERF BY A CHILD|E,1
225,PRED SEX ASSAULT AGAINST CHILD|A2,4
225,PROM PRISON CONTRABAND 1ST|D,4
225,PROM PROSTITUTION 2ND|C,1
225,PROM SEXUAL PERF BY A CHILD|D,2
225,RAPE 1ST|B,7
225,RAPE 2ND|D,2
225,RAPE 3RD|E,3
225,RECKLESS ENDANGERMENT 1ST|D,2
225,ROBBERY 1ST|B,7
225,ROBBERY 2ND SUB 1|C,5
225,ROBBERY 2ND SUB 2 3|C,11
225,ROBBERY 3RD|D,17
225,SCHEME TO DEFRAUD 1ST|E,1
225,SEX OFF REG VIOL-1ST OFFENSE|E,2
225,SEXUAL ABUSE 1ST|D,6
225,STRANGULATION 2ND|D,4
225,TAMPER WITH PHYS EVIDENCE|E,1
225,UNLAW MANUFACTURE METH 2ND|C,1
225,UNLAW MANUFACTURE METH 3RD|D,8
225,USE OF CHILD IN A SEXUAL PERF|C,1
225,VEHICULAR ASSAULT 1ST|D,1
225,VEHICULAR MANSLAUGHTER 1ST|C,1
225,VEHICULAR MANSLAUGHTER 2ND|D,2
226,AGG DWI:1 PRIOR CONV-10 YRS|E,3
226,AGG DWI:W/CHILD|E,3
226,AGG UNLIC OPER MV 1ST|E,4
226,AGGRAVATED CRIM CONTEMPT|D,4
226,AGGRAVATED FAMILY OFFENSE|E,6
226,AGGRAVATED VEHICULAR ASSAULT|C,1
226,AGGRAVATED VEHICULAR HOMICIDE|B,3
226,ARSON 2ND|B,2
226,ARSON 3RD|C,3
226,ARSON 4TH|E,1
226,ASSAULT 1ST|B,6
226,ASSAULT 2ND|D,21
226,ATT ARSON 2ND|C,1
226,ATT ARSON 3RD|D,2
226,ATT ASSAULT 1ST|C,12
226,ATT ASSAULT 2ND|E,11
226,ATT BURGLARY 1ST|C,2
226,ATT BURGLARY 2ND SUB 1|D,2
226,ATT BURGLARY 2ND SUB 2|D,21
226,ATT BURGLARY 3RD|E,14
226,ATT COURSE SEX CONDUCT-CHILD 1ST|C,3
226,ATT CRIM FACILITATION 2ND|D,1
226,ATT CRIM POSS CONTR SUBSTANCE 3RD|C,36
226,ATT CRIM POSS CONTR SUBSTANCE 4TH|D,5
226,ATT CRIM POSS CONTR SUBSTANCE 5TH|E,3
226,ATT CRIM POSS FORGED INST 2ND|E,5
226,ATT CRIM POSS STOLEN PROP 3RD|E,1
226,ATT CRIM POSS WEAP 2ND|D,39
226,ATT CRIM POSS WEAP 3RD SUB 1 2 3|E,3
226,ATT CRIM POSS WEAP 3RD SUB 4-8 VFO|E,1
226,ATT CRIM SALE CONTR SUBSTANCE 3RD|C,12
226,ATT CRIM SALE CONTR SUBSTANCE 5TH|E,2
226,ATT FORGERY 2ND|E,1
226,ATT MURDER 2ND|B,7
226,ATT PROM PRISON CONTRABAND 1ST|E,3
226,ATT RAPE 1ST|C,1
226,ATT RAPE 2ND|E,1
226,ATT ROBBERY 1ST|C,7
226,ATT ROBBERY 2ND SUB 1|D,9
226,ATT ROBBERY 2ND SUB 2 3|D,8
226,ATT ROBBERY 2ND|D,1
226,ATT ROBBERY 3RD|E,12
226,ATT STRANGULATION 2ND|E,1
226,ATT USE OF CHILD IN A SEXUAL PERF|D,1
226,BAIL JUMPING 2ND|E,2
226,BURGLARY 1ST|B,2
226,BURGLARY 2ND SUB 1|C,2
226,BURGLARY 2ND SUB 2|C,13
226,BURGLARY 3RD|D,36
226,CONSPIRACY 2ND|B,4
226,CONSPIRACY 4TH|E,4
226,COURSE SEX CONDUCT-CHILD 1ST|B,1
226,COURSE SEX CONDUCT-CHILD 2ND|D,1
226,CRIM CONTEMPT 1ST|E,16
226,CRIM MISCHIEF 2ND|D,1
226,CRIM MISCHIEF 3RD|E,4
226,CRIM NEGLIGENT HOMICIDE|E,2
226,CRIM POSS CONTR SUBSTANCE 1ST|A1,1
226,CRIM POSS CONTR SUBSTANCE 2ND|A2,9
226,CRIM POSS CONTR SUBSTANCE 3RD|B,80
226,CRIM POSS CONTR SUBSTANCE 4TH|C,12
226,CRIM POSS CONTR SUBSTANCE 5TH|D,17
226,CRIM POSS FIREARM|E,4
226,CRIM POSS FORGED INST 1ST|C,1
226,CRIM POSS FORGED INST 2ND|D,3
226,CRIM POSS MARIHUANA 1ST|C,1
226,CRIM POSS MARIHUANA 3RD|E,2
226,CRIM POSS STOLEN PROP 2ND|C,1
226,CRIM POSS STOLEN PROP 3RD|D,3
226,CRIM POSS STOLEN PROP 4TH|E,2
226,CRIM POSS WEAP 2ND|C,35
226,CRIM POSS WEAP 3RD SUB 1 2 3|D,10
226,CRIM SALE CONTR SUBS - SCHOOL|B,1
226,CRIM SALE CONTR SUBSTANCE 1ST|A1,2
226,CRIM SALE CONTR SUBSTANCE 2ND|A2,4
226,CRIM SALE CONTR SUBSTANCE 3RD|B,61
226,CRIM SALE CONTR SUBSTANCE 4TH|C,3
226,CRIM SALE CONTR SUBSTANCE 5TH|D,8
226,CRIM SALE FIREARM 1ST|B,1
226,CRIM SEXUAL ACT 1ST|B,5
226,CRIM SEXUAL ACT 2ND|D,2
226,CRIM SEXUAL ACT 3RD|E,1
226,DISSEM INDECENT MAT MINOR 2ND|E,1
226,DRIV IMP/DRUGS-2ND OFFENSE|E,1
226,DWI:ALCOHOL/DRUGS-2ND OFFENSE|E,12
226,DWI:ALCOHOL/DRUGS-3RD OFFENSE|D,9
226,ENTERPRISE CORRUPTION|B,2
226,ESCAPE 2ND|E,1
226,FALSELY REPORTING INCIDENT 2ND|E,1
226,FORGERY 2ND|D,2
226,GRAND LARCENY - AUTO 2ND|C,1
226,GRAND LARCENY - AUTO 3RD|D,2
226,GRAND LARCENY - AUTO 4TH|E,2
226,GRAND LARCENY - NOT AUTO 2ND|C,4
226,GRAND LARCENY - NOT AUTO 3RD|D,13
226,GRAND LARCENY - NOT AUTO 4TH|E,22
226,HEALTH CARE FRAUD 4TH|E,1
226,IDENTITY THEFT 1ST|D,2
226,IDENTITY THEFT 2ND|E,2
226,INCEST 1ST|B,1
226,KIDNAPPING 2ND|B,1
226,LV SCENE OF ACCIDENT - DEATH|D,1
226,MAKE TERRORISTIC THREAT|D,1
226,MANSLAUGHTER 1ST|B,12
226,MANSLAUGHTER 2ND|C,9
226,MONEY LAUNDERING 1ST|B,1
226,MONEY LAUNDERING 2ND|C,2
226,MURDER 2ND|A1,13
226,OFFER FALSE INST FILING 1ST|E,1
226,PERSISTENT SEXUAL ABUSE|E,1
226,POSS A SEX PERF BY A CHILD|E,1
226,PRED SEX ASSAULT AGAINST CHILD|A2,1
226,PROM PRISON CONTRABAND 1ST|D,2
226,PROM PROSTITUTION 3RD|D,1
226,PROM SEXUAL PERF BY A CHILD|D,3
226,RAPE 1ST|B,3
226,RAPE 2ND|D,5
226,RAPE 3RD|E,2
226,RECKLESS ENDANGERMENT 1ST|D,4
226,RESIDENTIAL MORTGAGE FRAUD 2ND|C,1
226,ROBBERY 1ST|B,13
226,ROBBERY 2ND SUB 1|C,10
226,ROBBERY 2ND SUB 2 3|C,10
226,ROBBERY 3RD|D,22
226,SEX OFF REG VIOL-1ST OFFENSE|E,2
226,SEX OFF REG VIOL-2ND OFFENSE|D,2
226,SEX TRAFFICKING SUB 5A  5B|B,1
226,SEXUAL ABUSE 1ST|D,7
226,SODOMY 1ST|B,1
226,STRANGULATION 2ND|D,2
226,TAMPER WITH PHYS EVIDENCE|E,1
226,UNAUTH USE OF MV 2ND|E,1
226,UNLAW MANUFACTURE METH 3RD|D,9
226,UNLAW SURVEILLANCE 2ND SUB 1|E,2
226,VEHICULAR ASSAULT 1ST|D,1
226,VEHICULAR MANSLAUGHTER 1ST|C,1
227,AGG DWI:1 PRIOR CONV-10 YRS|E,1
227,AGG DWI:W/CHILD|E,4
227,AGG UNLIC OPER MV 1ST|E,4
227,AGGRAVATED FAMILY OFFENSE|E,3
227,AGGRAVATED SEXUAL ABUSE 3RD|D,1
227,AGGRAVATED VEHICULAR HOMICIDE|B,3
227,ARSON 3RD|C,4
227,ASSAULT 1ST|B,15
227,ASSAULT 2ND|D,37
227,ATT AGGRAVATED ASSAULT/PEACE OFF.|C,2
227,ATT AGGRAVATED CRIM CONTEMPT|E,1
227,ATT ARSON 1ST|B,1
227,ATT ARSON 2ND|C,1
227,ATT ASSAULT 1ST|C,15
227,ATT ASSAULT 2ND|E,9
227,ATT BURGLARY 2ND SUB 2|D,21
227,ATT BURGLARY 3RD|E,11
227,ATT COURSE SEX CONDUCT-CHILD 1ST|C,2
227,ATT CRIM POSS CONTR SUBSTANCE 3RD|C,15
227,ATT CRIM POSS CONTR SUBSTANCE 4TH|D,2
227,ATT CRIM POSS CONTR SUBSTANCE 5TH|E,3
227,ATT CRIM POSS FORGED INST 1ST|D,2
227,ATT CRIM POSS FORGED INST 2ND|E,4
227,ATT CRIM POSS WEAP 1ST|C,1
227,ATT CRIM POSS WEAP 2ND|D,45
227,ATT CRIM POSS WEAP 3RD SUB 1 2 3|E,5
227,ATT CRIM SALE CONTR SUBSTANCE 3RD|C,15
227,ATT CRIM SALE CONTR SUBSTANCE 5TH|E,1
227,ATT CRIM SEXUAL ACT 2ND|E,2
227,ATT GANG ASSAULT 1ST|C,1
227,ATT GRAND LARCENY - NOT AUTO 1ST|C,1
227,ATT GRAND LARCENY - NOT AUTO 2ND|D,1
227,ATT GRAND LARCENY - NOT AUTO 3RD|E,1
227,ATT MURDER 2ND|B,13
227,ATT PROM PRISON CONTRABAND 1ST|E,4
227,ATT RAPE 1ST|C,2
227,ATT RECKLESS ENDANGERMENT 1ST|E,2
227,ATT ROBBERY 1ST|C,5
227,ATT ROBBERY 2ND SUB 1|D,11
227,ATT ROBBERY 2ND SUB 2 3|D,11
227,ATT ROBBERY 2ND|D,1
227,ATT ROBBERY 3RD|E,6
227,ATT SEXUAL ABUSE 1ST|E,3
227,ATT STRANGULATION 2ND|E,3
227,ATT USE OF CHILD IN A SEXUAL PERF|D,1
227,AUTO STRIPPING 2ND|E,1
227,BAIL JUMPING 2ND|E,2
227,BURGLARY 1ST|B,6
227,BURGLARY 2ND SUB 1|C,1
227,BURGLARY 2ND SUB 2|C,18
227,BURGLARY 3RD|D,50
227,CONSPIRACY 2ND|B,4
227,CONSPIRACY 4TH|E,5
227,COURSE SEX CONDUCT-CHILD 1ST|B,5
227,CRIM CONTEMPT 1ST|E,18
227,CRIM MISCHIEF 3RD|E,5
227,CRIM NUISANCE 1ST|E,1
227,CRIM POSS CONTR SUBSTANCE 1ST|A1,3
227,CRIM POSS CONTR SUBSTANCE 2ND|A2,10
227,CRIM POSS CONTR SUBSTANCE 3RD|B,65
227,CRIM POSS CONTR SUBSTANCE 4TH|C,14
227,CRIM POSS CONTR SUBSTANCE 5TH|D,23
227,CRIM POSS FIREARM|E,8
227,CRIM POSS FORGED INST 1ST|C,1
227,CRIM POSS FORGED INST 2ND|D,6
227,CRIM POSS FORGERY DEVICES|D,1
227,CRIM POSS MARIHUANA 1ST|C,2
227,CRIM POSS MARIHUANA 3RD|E,1
227,CRIM POSS STOLEN PROP 3RD|D,5
227,CRIM POSS STOLEN PROP 4TH|E,8
227,CRIM POSS WEAP 2ND|C,35
227,CRIM POSS WEAP 3RD SUB 1 2 3|D,15
227,CRIM POSS WEAP 3RD SUB 4-8 VFO|D,1
227,CRIM SALE CONTR SUBS - SCHOOL|B,1
227,CRIM SALE CONTR SUBSTANCE 1ST|A1,2
227,CRIM SALE CONTR SUBSTANCE 2ND|A2,3
227,CRIM SALE CONTR SUBSTANCE 3RD|B,53
227,CRIM SALE CONTR SUBSTANCE 4TH|C,1
227,CRIM SALE CONTR SUBSTANCE 5TH|D,7
227,CRIM SALE FIREARM 1ST|B,2
227,CRIM SALE MARIHUANA 2ND|D,1
227,CRIM SEXUAL ACT 1ST|B,2
227,CRIM SEXUAL ACT 2ND|D,1
227,CRIM SEXUAL ACT 3RD|E,2
227,DWI:ALCOHOL/DRUGS-2ND OFFENSE|E,11
227,DWI:ALCOHOL/DRUGS-3RD OFFENSE|D,8
227,ENDANGER INCOMPETENT 1ST|E,1
227,ENTERPRISE CORRUPTION|B,2
227,ESCAPE 2ND|E,1
227,FALSIFY BUSINESS RECORDS 1ST|E,1
227,FORGERY 2ND|D,1
227,GRAND LARCENY - AUTO 2ND|C,1
227,GRAND LARCENY - AUTO 3RD|D,2
227,GRAND LARCENY - AUTO 4TH|E,1
227,GRAND LARCENY - NOT AUTO 2ND|C,4
227,GRAND LARCENY - NOT AUTO 3RD|D,13
227,GRAND LARCENY - NOT AUTO 4TH|E,22
227,HEALTH CARE FRAUD 1ST|B,1
227,IDENTITY THEFT 1ST|D,2
227,IDENTITY THEFT 2ND|E,3
227,LV SCENE OF ACCIDENT - DEATH|D,2
227,MAKE TERRORISTIC THREAT|D,1
227,MANSLAUGHTER 1ST|B,3
227,MANSLAUGHTER 2ND|C,4
227,MURDER 2ND|A1,10
227,OFFER FALSE INST FILING 1ST|E,1
227,POSS A SEX PERF BY A CHILD|E,4
227,PREDATORY SEXUAL ASSAULT|A2,1
227,PROM OBSCENE SEX PERF BY CHILD|D,1
227,PROM PRISON CONTRABAND 1ST|D,2
227,PROM PROSTITUTION 1ST|B,1
227,PROM PROSTITUTION 3RD|D,1
227,PROM SEXUAL PERF BY A CHILD|D,3
227,RAPE 1ST|B,2
227,RAPE 2ND|D,2
227,RAPE 3RD|E,4
227,RECKLESS ENDANGERMENT 1ST|D,1
227,ROBBERY 1ST|B,20
227,ROBBERY 2ND SUB 1|C,6
227,ROBBERY 2ND SUB 2 3|C,6
227,ROBBERY 3RD|D,19
227,SCHEME TO DEFRAUD 1ST|E,2
227,SEX OFF REG VIOL-1ST OFFENSE|E,3
227,SEX OFF REG VIOL-2ND OFFENSE|D,2
227,SEX TRAFFICKING|B,2
227,SEXUAL ABUSE 1ST|D,11
227,STRANGULATION 2ND|D,2
227,TAMPER WITH PHYS EVIDENCE|E,2
227,UNLAW MANUFACTURE METH 3RD|D,7
227,USE OF CHILD IN A SEXUAL PERF|C,2
227,VEHICULAR MANSLAUGHTER 1ST|C,1
227,VEHICULAR MANSLAUGHTER 2ND|D,1
227,WELFARE FRAUD 3RD|D,1
228,AGG DWI:1 PRIOR CONV-10 YRS|E,2
228,AGG DWI:2 PRIOR CONV-10 YRS|D,1
228,AGG DWI:W/CHILD|E,3
228,AGG UNLIC OPER MV 1ST|E,2
228,AGGRAVATED CRIM CONTEMPT|D,3
228,AGGRAVATED FAMILY OFFENSE|E,7
228,AGGRAVATED VEHICULAR HOMICIDE|B,1
228,ARSON 3RD|C,2
228,ARSON 4TH|E,1
228,ASSAULT 1ST|B,12
228,ASSAULT 2ND (HATE CRIME)|C,1
228,ASSAULT 2ND|D,23
228,ASSAULT 3RD (HATE CRIME)|E,1
228,ATT AGGRAVATED CRIM CONTEMPT|E,2
228,ATT AGGRAVATED MANSLAUGHTER 1ST|C,1
228,ATT ARSON 3RD|D,2
228,ATT ASSAULT 1ST|C,9
228,ATT ASSAULT 2ND|E,22
228,ATT BURGLARY 1ST|C,2
228,ATT BURGLARY 2ND SUB 1|D,2
228,ATT BURGLARY 2ND SUB 2|D,20
228,ATT BURGLARY 3RD|E,10
228,ATT CONSPIRACY 2ND|C,1
228,ATT CRIM POSS CONTR SUBSTANCE 3RD|C,15
228,ATT CRIM POSS CONTR SUBSTANCE 5TH|E,3
228,ATT CRIM POSS FORGED INST 2ND|E,5
228,ATT CRIM POSS WEAP 2ND|D,31
228,ATT CRIM POSS WEAP 3RD SUB 1 2 3|E,3
228,ATT CRIM POSS WEAP 3RD SUB 4-8 VFO|E,2
228,ATT CRIM SALE CONTR SUBSTANCE 3RD|C,16
228,ATT CRIM SALE CONTR SUBSTANCE 5TH|E,1
228,ATT CRIM SALE FIREARM 3RD|E,1
228,ATT CRIM SEXUAL ACT 1ST|C,1
228,ATT DISSEM INDECENT MAT MINOR 1ST|E,2
228,ATT GANG ASSAULT 1ST|C,3
228,ATT GRAND LARCENY - AUTO 3RD|E,1
228,ATT GRAND LARCENY - NOT AUTO 2ND|D,1
228,ATT GRAND LARCENY - NOT AUTO 3RD|E,2
228,ATT IDENTITY THEFT 1ST|E,1
228,ATT LABOR TRAFFICKING SUB 3A  3B|E,1
228,ATT MAKE TERRORISTIC THREAT|E,1
228,ATT MURDER 1ST|A1,1
228,ATT MURDER 2ND|B,14
228,ATT PROM PRISON CONTRABAND 1ST|E,2
228,ATT RAPE 1ST|C,3
228,ATT RAPE 2ND|E,2
228,ATT ROBBERY 1ST|C,7
228,ATT ROBBERY 2ND SUB 1|D,9
228,ATT ROBBERY 2ND SUB 2 3|D,11
228,ATT ROBBERY 3RD|E,9
228,BAIL JUMPING 2ND|E,2
228,BURGLARY 1ST|B,9
228,BURGLARY 2ND SUB 1|C,2
228,BURGLARY 2ND SUB 2|C,7
228,BURGLARY 3RD|D,38
228,COERCION 1ST|D,1
228,CONSPIRACY 2ND|B,9
228,CONSPIRACY 3RD|D,1
228,CONSPIRACY 4TH|E,3
228,COURSE SEX CONDUCT-CHILD 1ST|B,5
228,COURSE SEX CONDUCT-CHILD 2ND|D,3
228,CRIM CONTEMPT 1ST|E,13
228,CRIM MISCHIEF 2ND|D,1
228,CRIM MISCHIEF 3RD|E,6
228,CRIM POSS CONTR SUBSTANCE 1ST|A1,1
228,CRIM POSS CONTR SUBSTANCE 2ND|A2,8
228,CRIM POSS CONTR SUBSTANCE 3RD|B,66
228,CRIM POSS CONTR SUBSTANCE 4TH|C,13
228,CRIM POSS CONTR SUBSTANCE 5TH|D,11
228,CRIM POSS FIREARM|E,7
228,CRIM POSS FORGED INST 1ST|C,1
228,CRIM POSS FORGED INST 2ND|D,8
228,CRIM POSS FORGERY DEVICES|D,1
228,CRIM POSS MARIHUANA 1ST|C,1
228,CRIM POSS MARIHUANA 2ND|D,2
228,CRIM POSS MARIHUANA 3RD|E,2
228,CRIM POSS STOLEN PROP 2ND|C,1
228,CRIM POSS STOLEN PROP 3RD|D,3
228,CRIM POSS STOLEN PROP 4TH|E,8
228,CRIM POSS WEAP 2ND|C,35
228,CRIM POSS WEAP 3RD SUB 1 2 3|D,6
228,CRIM POSS WEAP 3RD SUB 4-8 VFO|D,3
228,CRIM SALE CONTR SUBSTANCE 1ST|A1,2
228,CRIM SALE CONTR SUBSTANCE 2ND|A2,3
228,CRIM SALE CONTR SUBSTANCE 3RD|B,64
228,CRIM SALE CONTR SUBSTANCE 4TH|C,2
228,CRIM SALE CONTR SUBSTANCE 5TH|D,8
228,CRIM SALE FIREARM 1ST|B,1
228,CRIM SALE FIREARM 2ND|C,1
228,CRIM SALE FIREARM 3RD|D,2
228,CRIM SALE PRESCRIPTION|C,1
228,CRIM SEXUAL ACT 1ST|B,2
228,CRIM SEXUAL ACT 2ND|D,2
228,CRIM SEXUAL ACT 3RD|E,1
228,CRIM TAMPERING 1ST|D,1
228,DRIV IMP/DRUGS - 3RD OFFENSE|D,1
228,DRIV IMP/DRUGS-2ND OFFENSE|E,3
228,DWI:ALCOHOL/DRUGS-2ND OFFENSE|E,12
228,DWI:ALCOHOL/DRUGS-3RD OFFENSE|D,8
228,FLEE OFFICER IN MOTOR VEH 2ND|E,1
228,FORGERY 2ND|D,3
228,GANG ASSAULT 1ST|B,1
228,GANG ASSAULT 2ND|C,1
228,GRAND LARCENY - AUTO 3RD|D,2
228,GRAND LARCENY - AUTO 4TH|E,1
228,GRAND LARCENY - NOT AUTO 1ST|B,2
228,GRAND LARCENY - NOT AUTO 2ND|C,8
228,GRAND LARCENY - NOT AUTO 3RD|D,11
228,GRAND LARCENY - NOT AUTO 4TH|E,19
228,IDENTITY THEFT 1ST|D,2
228,JO - RAPE 1ST|B,1
228,KIDNAPPING 2ND|B,3
228,LV SCENE OF ACC W/O REPORTING|E,1
228,MAKE TERRORISTIC THREAT|D,1
228,MANSLAUGHTER 1ST|B,8
228,MANSLAUGHTER 2ND|C,4
228,MURDER 1ST|A1,2
228,MURDER 2ND|A1,23
228,OFFER FALSE INST FILING 1ST|E,1
228,OPERATE MAJOR DRUG TRAFFICKER|A1,1
228,PERSISTENT SEXUAL ABUSE|E,1
228,PLACE FALSE BOMB 1ST|D,1
228,POSS A SEX PERF BY A CHILD|E,2
228,PRED SEX ASSAULT AGAINST CHILD|A2,3
228,PREDATORY SEXUAL ASSAULT|A2,2
228,PROM PROSTITUTION 1ST|B,1
228,PROM PROSTITUTION 3RD|D,1
228,PROM SEXUAL PERF BY A CHILD|D,1
228,RAPE 1ST|B,8
228,RAPE 2ND|D,2
228,RAPE 3RD|E,2
228,RECKLESS ENDANGERMENT 1ST|D,5
228,ROBBERY 1ST|B,9
228,ROBBERY 2ND SUB 1|C,6
228,ROBBERY 2ND SUB 2 3|C,7
228,ROBBERY 3RD|D,17
228,SEX OFF REG VIOL-1ST OFFENSE|E,1
228,SEX OFF REG VIOL-2ND OFFENSE|D,2
228,SEXUAL ABUSE 1ST|D,9
228,STRANGULATION 2ND|D,3
228,UNLAW MANUFACTURE METH 2ND|C,1
228,UNLAW MANUFACTURE METH 3RD|D,2
228,UNLAW SURVEILLANCE 2ND SUB 1|E,1
228,UNLAW SURVEILLANCE 2ND(2 3 4)|E,1
228,VEHICULAR ASSAULT 2ND|E,1
228,VEHICULAR MANSLAUGHTER 2ND|D,1
